"Accuracy (t=0.5, e=0)","Accuracy (t=0.5, e=1)","Accuracy (t=0.5, e=2)","Accuracy (t=0.5, e=3)",epoch,step
21.953487396240234,49.08217239379883,72.88217163085938,87.23101043701172,0,0
