epoch,step,top1_acc,top2_acc
0,0,86.63298034667969,95.77659606933594
