epoch,loss_epoch_step,loss_step,step
0,423.68066036404696,423.68066036404696,49
