"Accuracy (t=0.5, e=0)","Accuracy (t=0.5, e=1)","Accuracy (t=0.5, e=2)","Accuracy (t=0.5, e=3)",epoch,step
22.500776290893555,49.4093017578125,72.50077056884766,87.37519836425781,0,0
