"Accuracy (t=0.5, e=0)","Accuracy (t=0.5, e=1)","Accuracy (t=0.5, e=2)","Accuracy (t=0.5, e=3)",epoch,step
37.63284683227539,71.6382064819336,88.98005676269531,96.62571716308594,0,0
