"Accuracy (t=0.5, e=0)","Accuracy (t=0.5, e=1)","Accuracy (t=0.5, e=2)","Accuracy (t=0.5, e=3)","Accuracy (t=0.5, e=4)",epoch,step
24.880619049072266,52.62635803222656,76.06976318359375,89.5751953125,95.91783142089844,0,0
