"Accuracy (t=0.5, e=0)","Accuracy (t=0.5, e=1)","Accuracy (t=0.5, e=2)",epoch,step
10.503876686096191,35.922481536865234,51.502323150634766,0,0
